2018-09-12 20:00:00,6298.5,6299.0,6286.0,6286.5,4360569
2018-09-12 20:05:00,6286.5,6289.5,6286.0,6289.0,3404723
2018-09-12 20:10:00,6289.0,6291.5,6288.0,6291.0,2116336
2018-09-12 20:15:00,6291.0,6295.5,6290.5,6295.0,1613698
2018-09-12 20:20:00,6295.0,6297.0,6292.5,6293.0,2140887
2018-09-12 20:25:00,6293.0,6293.5,6292.5,6293.5,332177
2018-09-12 20:30:00,6293.5,6293.5,6290.5,6290.5,3644511
2018-09-12 20:35:00,6290.5,6293.0,6287.5,6293.0,2609160
2018-09-12 20:40:00,6293.0,6296.5,6292.5,6296.5,3004687
2018-09-12 20:45:00,6296.5,6298.5,6290.0,6292.0,5193363
2018-09-12 20:50:00,6292.0,6297.5,6292.0,6297.0,1744134
2018-09-12 20:55:00,6297.0,6298.0,6296.5,6298.0,1846267
2018-09-12 21:00:00,6298.0,6298.0,6296.5,6296.5,1511321
2018-09-12 21:05:00,6296.5,6297.0,6296.5,6297.0,541194
2018-09-12 21:10:00,6297.0,6309.0,6296.5,6309.0,6156948
2018-09-12 21:15:00,6309.0,6320.0,6308.5,6314.0,13087882
2018-09-12 21:20:00,6314.0,6314.5,6311.0,6311.0,4000371
2018-09-12 21:25:00,6311.0,6316.5,6311.0,6316.0,3416297
2018-09-12 21:30:00,6316.0,6316.0,6311.0,6311.0,2414549
2018-09-12 21:35:00,6311.0,6311.5,6307.5,6307.5,2707109
2018-09-12 21:40:00,6307.5,6307.5,6306.0,6306.0,1694432
2018-09-12 21:45:00,6306.0,6307.0,6306.0,6306.5,1555787
2018-09-12 21:50:00,6306.5,6307.0,6293.5,6296.5,9202407
2018-09-12 21:55:00,6296.5,6300.5,6296.0,6300.5,5532556
2018-09-12 22:00:00,6300.5,6303.0,6297.5,6298.5,3569030
2018-09-12 22:05:00,6298.5,6298.5,6298.0,6298.5,1406140
2018-09-12 22:10:00,6298.5,6309.0,6298.0,6308.0,4477296
2018-09-12 22:15:00,6308.0,6310.0,6307.0,6310.0,1936680
2018-09-12 22:20:00,6310.0,6311.5,6307.0,6307.5,3479696
2018-09-12 22:25:00,6307.5,6307.0,6305.0,6305.5,1494342
2018-09-12 22:30:00,6305.5,6313.5,6305.0,6313.5,3421538
2018-09-12 22:35:00,6313.5,6313.5,6307.5,6308.0,4051263
2018-09-12 22:40:00,6308.0,6310.0,6306.5,6306.5,3626046
2018-09-12 22:45:00,6306.5,6307.0,6306.5,6307.0,1145975
2018-09-12 22:50:00,6307.0,6330.5,6306.5,6324.5,14456179
2018-09-12 22:55:00,6324.5,6335.0,6322.0,6334.5,15177683
2018-09-12 23:00:00,6334.5,6335.5,6324.0,6324.0,17359911
2018-09-12 23:05:00,6324.0,6324.5,6322.0,6322.0,3668406
2018-09-12 23:10:00,6322.0,6322.5,6320.0,6320.0,5097807
2018-09-12 23:15:00,6320.0,6320.5,6313.5,6314.0,4746465
2018-09-12 23:20:00,6314.0,6318.5,6313.5,6318.0,2865607
2018-09-12 23:25:00,6318.0,6321.5,6318.0,6318.0,4343686
2018-09-12 23:30:00,6318.0,6320.5,6316.0,6320.5,3703114
2018-09-12 23:35:00,6320.5,6329.5,6320.0,6329.0,5273176
2018-09-12 23:40:00,6329.0,6329.5,6318.0,6322.0,5408271
2018-09-12 23:45:00,6322.0,6325.0,6321.5,6322.0,3963095
2018-09-12 23:50:00,6322.0,6323.0,6321.5,6322.0,2556126
2018-09-12 23:55:00,6322.0,6322.0,6317.0,6322.0,4425409
2018-09-13 00:00:00,6322.0,6328.0,6321.5,6328.0,5149052
2018-09-13 00:05:00,6328.0,6340.5,6327.5,6340.0,22350774
2018-09-13 00:10:00,6340.0,6377.5,6340.0,6374.5,87787286
2018-09-13 00:15:00,6374.5,6437.5,6362.5,6404.5,85009188
2018-09-13 00:20:00,6404.5,6430.0,6394.0,6429.5,57696613
2018-09-13 00:25:00,6429.5,6430.0,6409.0,6411.0,30650203
2018-09-13 00:30:00,6411.0,6411.0,6403.5,6403.5,15797268
2018-09-13 00:35:00,6403.5,6404.0,6392.5,6396.5,28047629
2018-09-13 00:40:00,6396.5,6410.0,6396.5,6403.5,12926015
2018-09-13 00:45:00,6403.5,6407.0,6393.5,6394.0,14460914
2018-09-13 00:50:00,6394.0,6395.5,6392.0,6395.5,7501197
2018-09-13 00:55:00,6395.5,6404.5,6395.0,6404.5,8895374
2018-09-13 01:00:00,6404.5,6406.5,6398.5,6399.0,10623840
2018-09-13 01:05:00,6399.0,6399.0,6395.5,6397.5,6877806
2018-09-13 01:10:00,6397.5,6397.5,6396.0,6397.0,4346449
2018-09-13 01:15:00,6397.0,6398.5,6396.0,6396.0,4057664
2018-09-13 01:20:00,6396.0,6396.5,6383.0,6387.5,16388149
2018-09-13 01:25:00,6387.5,6388.0,6383.0,6384.0,5978888
2018-09-13 01:30:00,6384.0,6384.5,6381.0,6381.0,5117714
2018-09-13 01:35:00,6381.0,6387.5,6381.0,6386.0,5630773
2018-09-13 01:40:00,6386.0,6386.5,6385.5,6386.0,1940235
2018-09-13 01:45:00,6386.0,6392.5,6385.5,6392.0,4888889
2018-09-13 01:50:00,6392.0,6392.5,6392.0,6392.0,2201622
2018-09-13 01:55:00,6392.0,6392.5,6387.0,6387.0,3128051
2018-09-13 02:00:00,6387.0,6387.5,6385.5,6385.5,2442860
2018-09-13 02:05:00,6385.5,6386.0,6383.5,6383.5,2019502
2018-09-13 02:10:00,6383.5,6384.0,6370.0,6370.0,12685339
2018-09-13 02:15:00,6370.0,6376.5,6370.0,6373.5,9211297
2018-09-13 02:20:00,6373.5,6377.0,6374.0,6377.0,2871280
2018-09-13 02:25:00,6377.0,6380.0,6376.5,6379.5,2682295
2018-09-13 02:30:00,6379.5,6380.5,6379.5,6380.0,1878642
2018-09-13 02:35:00,6380.0,6380.5,6380.0,6380.5,868885
2018-09-13 02:40:00,6380.5,6381.0,6380.0,6381.0,2335930
2018-09-13 02:45:00,6381.0,6384.0,6381.0,6383.5,2289616
2018-09-13 02:50:00,6383.5,6384.0,6383.5,6384.0,1252173
2018-09-13 02:55:00,6384.0,6386.0,6383.5,6386.0,2642619
2018-09-13 03:00:00,6386.0,6394.0,6385.5,6393.5,6537285
2018-09-13 03:05:00,6393.5,6396.5,6393.5,6395.5,7038012
2018-09-13 03:10:00,6395.5,6396.0,6384.0,6384.5,8899358
2018-09-13 03:15:00,6384.5,6384.5,6383.0,6384.5,3160614
2018-09-13 03:20:00,6384.5,6384.5,6384.0,6384.5,748511
2018-09-13 03:25:00,6384.5,6384.5,6375.5,6375.5,7630649
2018-09-13 03:30:00,6375.5,6378.5,6375.5,6378.0,2513846
2018-09-13 03:35:00,6378.0,6378.5,6375.5,6375.5,3545851
2018-09-13 03:40:00,6375.5,6378.0,6375.5,6378.0,3260817
2018-09-13 03:45:00,6378.0,6383.0,6377.5,6383.0,3787488
2018-09-13 03:50:00,6383.0,6383.0,6382.5,6382.5,1169881
2018-09-13 03:55:00,6382.5,6383.0,6379.5,6379.5,3022604
2018-09-13 04:00:00,6379.5,6385.5,6379.5,6385.0,4873431
2018-09-13 04:05:00,6385.0,6388.0,6385.0,6387.5,2039068
2018-09-13 04:10:00,6387.5,6391.0,6387.5,6391.0,3091315
2018-09-13 04:15:00,6391.0,6391.0,6386.5,6386.5,2417124
2018-09-13 04:20:00,6386.5,6388.5,6386.5,6388.5,1467017
2018-09-13 04:25:00,6388.5,6389.5,6388.0,6389.5,1374071
2018-09-13 04:30:00,6389.5,6391.5,6389.0,6391.0,2318995
2018-09-13 04:35:00,6391.0,6394.5,6391.0,6394.5,5789587
2018-09-13 04:40:00,6394.5,6396.5,6394.5,6396.5,3308329
2018-09-13 04:45:00,6396.5,6396.5,6396.0,6396.5,1515995
2018-09-13 04:50:00,6396.5,6396.5,6387.5,6388.0,10307063
2018-09-13 04:55:00,6388.0,6387.5,6385.0,6387.5,2480234
2018-09-13 05:00:00,6387.5,6391.5,6387.0,6388.5,6717310
2018-09-13 05:05:00,6388.5,6389.0,6388.5,6389.0,761712
2018-09-13 05:10:00,6389.0,6390.0,6388.5,6389.0,3178049
2018-09-13 05:15:00,6389.0,6389.0,6388.5,6388.5,2386053
2018-09-13 05:20:00,6388.5,6389.0,6385.5,6386.0,2545119
2018-09-13 05:25:00,6386.0,6387.0,6385.5,6386.5,3210686
2018-09-13 05:30:00,6386.5,6387.0,6384.0,6384.5,2238061
2018-09-13 05:35:00,6384.5,6384.0,6381.0,6383.0,3174522
2018-09-13 05:40:00,6383.0,6383.5,6381.5,6381.5,2364785
2018-09-13 05:45:00,6381.5,6382.0,6356.5,6367.5,24682042
2018-09-13 05:50:00,6367.5,6375.0,6367.0,6374.0,8869303
2018-09-13 05:55:00,6374.0,6374.0,6373.5,6373.5,1856266
2018-09-13 06:00:00,6373.5,6380.0,6373.5,6379.5,5447498
2018-09-13 06:05:00,6379.5,6380.0,6378.0,6378.5,3500948
2018-09-13 06:10:00,6378.5,6378.5,6375.5,6377.5,3223304
2018-09-13 06:15:00,6377.5,6378.5,6376.0,6376.0,3994676
2018-09-13 06:20:00,6376.0,6376.0,6368.0,6372.5,5763152
2018-09-13 06:25:00,6372.5,6372.5,6370.5,6370.5,1451493
2018-09-13 06:30:00,6370.5,6372.0,6369.0,6369.0,2940879
2018-09-13 06:35:00,6369.0,6370.5,6369.0,6370.0,1870359
2018-09-13 06:40:00,6370.0,6372.5,6370.0,6372.5,1375317
2018-09-13 06:45:00,6372.5,6374.5,6372.0,6374.5,1167535
2018-09-13 06:50:00,6374.5,6376.0,6374.0,6376.0,2607405
2018-09-13 06:55:00,6376.0,6377.0,6375.5,6377.0,1194799
2018-09-13 07:00:00,6377.0,6377.0,6376.5,6376.5,1322035
2018-09-13 07:05:00,6376.5,6380.5,6376.5,6380.5,3355004
2018-09-13 07:10:00,6380.5,6387.5,6380.0,6387.5,6763185
2018-09-13 07:15:00,6387.5,6391.5,6386.5,6386.5,8435637
2018-09-13 07:20:00,6386.5,6387.0,6386.5,6386.5,1160317
2018-09-13 07:25:00,6386.5,6387.0,6376.5,6377.0,8989778
2018-09-13 07:30:00,6377.0,6378.0,6376.5,6377.5,2336568
2018-09-13 07:35:00,6377.5,6378.5,6377.5,6378.5,1605223
2018-09-13 07:40:00,6378.5,6378.5,6378.0,6378.5,520610
2018-09-13 07:45:00,6378.5,6381.0,6378.0,6381.0,2170953
2018-09-13 07:50:00,6381.0,6381.0,6378.5,6379.0,1940475
2018-09-13 07:55:00,6379.0,6379.5,6377.5,6377.5,2045940
2018-09-13 08:00:00,6377.5,6378.0,6377.5,6378.0,1024081
2018-09-13 08:05:00,6378.0,6378.0,6377.5,6377.5,452111
2018-09-13 08:10:00,6377.5,6378.0,6377.5,6378.0,1047452
2018-09-13 08:15:00,6378.0,6383.5,6378.0,6383.5,3997433
2018-09-13 08:20:00,6383.5,6385.0,6382.0,6382.0,3988865
2018-09-13 08:25:00,6382.0,6387.0,6382.0,6386.5,2155168
2018-09-13 08:30:00,6386.5,6389.0,6386.5,6389.0,3359979
2018-09-13 08:35:00,6389.0,6389.5,6386.5,6389.0,7650561
2018-09-13 08:40:00,6389.0,6425.0,6389.0,6410.0,50176026
2018-09-13 08:45:00,6410.0,6410.0,6396.5,6399.0,20461577
2018-09-13 08:50:00,6399.0,6399.5,6398.5,6399.0,3609787
2018-09-13 08:55:00,6399.0,6407.5,6399.0,6405.0,8597033
2018-09-13 09:00:00,6405.0,6417.0,6404.5,6407.0,18371239
2018-09-13 09:05:00,6407.0,6407.5,6401.0,6404.0,14158559
2018-09-13 09:10:00,6404.0,6410.0,6401.0,6401.5,10256804
2018-09-13 09:15:00,6401.5,6409.5,6401.0,6409.5,6153295
2018-09-13 09:20:00,6409.5,6416.5,6409.0,6409.0,13248100
2018-09-13 09:25:00,6409.0,6416.5,6409.0,6412.5,7642772
2018-09-13 09:30:00,6412.5,6413.0,6409.5,6411.5,6917614
2018-09-13 09:35:00,6411.5,6495.0,6404.5,6429.5,88446385
2018-09-13 09:40:00,6429.5,6432.5,6425.0,6427.0,21170729
2018-09-13 09:45:00,6427.0,6427.5,6418.0,6418.0,12453744
2018-09-13 09:50:00,6418.0,6427.0,6418.0,6426.5,11031480
2018-09-13 09:55:00,6426.5,6430.0,6425.0,6427.5,8831091
2018-09-13 10:00:00,6427.5,6436.0,6427.5,6429.5,12367814
2018-09-13 10:05:00,6429.5,6435.0,6428.5,6434.5,7801784
2018-09-13 10:10:00,6434.5,6444.0,6434.5,6442.0,13686239
2018-09-13 10:15:00,6442.0,6448.0,6437.5,6437.5,15097791
2018-09-13 10:20:00,6437.5,6440.0,6435.5,6435.5,9958778
2018-09-13 10:25:00,6435.5,6440.5,6435.5,6440.0,9986409
2018-09-13 10:30:00,6440.0,6440.0,6426.0,6426.5,11617239
2018-09-13 10:35:00,6426.5,6429.5,6416.5,6416.5,13175613
2018-09-13 10:40:00,6416.5,6424.0,6416.5,6423.5,6113151
2018-09-13 10:45:00,6423.5,6427.5,6423.5,6427.5,4326719
2018-09-13 10:50:00,6427.5,6432.0,6427.0,6429.0,4922194
2018-09-13 10:55:00,6429.0,6429.5,6423.0,6423.0,8195221
2018-09-13 11:00:00,6423.0,6423.5,6418.0,6418.5,6512424
2018-09-13 11:05:00,6418.5,6421.0,6417.5,6421.0,3903674
2018-09-13 11:10:00,6421.0,6424.0,6420.5,6423.5,3001542
2018-09-13 11:15:00,6423.5,6424.0,6416.0,6416.5,4892971
2018-09-13 11:20:00,6416.5,6429.0,6416.0,6429.0,7716941
2018-09-13 11:25:00,6429.0,6447.5,6429.0,6437.0,15238654
2018-09-13 11:30:00,6437.0,6445.0,6437.0,6444.5,7832199
2018-09-13 11:35:00,6444.5,6445.0,6437.5,6438.0,7343304
2018-09-13 11:40:00,6438.0,6442.0,6437.5,6439.0,6665561
2018-09-13 11:45:00,6439.0,6439.5,6437.5,6438.0,3428523
2018-09-13 11:50:00,6438.0,6447.0,6437.5,6447.0,6036632
2018-09-13 11:55:00,6447.0,6468.0,6445.5,6453.0,25199213
2018-09-13 12:00:00,6453.0,6464.5,6452.5,6461.5,21000988
2018-09-13 12:05:00,6461.5,6467.0,6454.0,6458.5,25959504
2018-09-13 12:10:00,6458.5,6459.0,6445.5,6449.0,11801130
2018-09-13 12:15:00,6449.0,6456.0,6449.0,6455.5,5580442
2018-09-13 12:20:00,6455.5,6465.0,6453.5,6464.5,11093925
2018-09-13 12:25:00,6464.5,6473.0,6462.5,6464.5,16987533
2018-09-13 12:30:00,6464.5,6465.0,6429.5,6434.5,42579514
2018-09-13 12:35:00,6434.5,6435.5,6425.0,6430.0,34757700
2018-09-13 12:40:00,6430.0,6440.0,6429.5,6440.0,12297659
2018-09-13 12:45:00,6440.0,6444.5,6439.5,6442.0,11535706
2018-09-13 12:50:00,6442.0,6452.5,6441.5,6448.0,11089152
2018-09-13 12:55:00,6448.0,6448.0,6439.0,6442.0,6630415
2018-09-13 13:00:00,6442.0,6442.5,6439.0,6439.5,4030494
2018-09-13 13:05:00,6439.5,6441.0,6436.0,6441.0,4776635
2018-09-13 13:10:00,6441.0,6442.5,6440.5,6442.0,3381019
2018-09-13 13:15:00,6442.0,6449.0,6442.0,6449.0,4964989
2018-09-13 13:20:00,6449.0,6457.5,6448.5,6450.5,9264624
2018-09-13 13:25:00,6450.5,6459.0,6450.5,6458.5,9580385
2018-09-13 13:30:00,6458.5,6459.0,6456.5,6457.0,7830295
2018-09-13 13:35:00,6457.0,6467.0,6455.5,6466.5,7306164
2018-09-13 13:40:00,6466.5,6472.0,6462.0,6472.0,11749207
2018-09-13 13:45:00,6472.0,6489.0,6470.0,6474.5,38170961
2018-09-13 13:50:00,6474.5,6530.0,6474.0,6497.5,83247432
2018-09-13 13:55:00,6497.5,6498.0,6479.0,6493.5,27698023
2018-09-13 14:00:00,6493.5,6494.5,6482.0,6485.0,15145817
2018-09-13 14:05:00,6485.0,6497.5,6484.5,6497.5,11555954
2018-09-13 14:10:00,6497.5,6507.0,6495.5,6504.5,15734940
2018-09-13 14:15:00,6504.5,6508.5,6497.0,6497.5,24692725
2018-09-13 14:20:00,6497.5,6497.5,6485.0,6488.0,16861948
2018-09-13 14:25:00,6488.0,6491.0,6485.5,6486.0,10953896
2018-09-13 14:30:00,6486.0,6494.5,6486.0,6491.5,8944583
2018-09-13 14:35:00,6491.5,6492.0,6489.0,6489.0,4678702
2018-09-13 14:40:00,6489.0,6493.5,6489.0,6493.0,5367491
2018-09-13 14:45:00,6493.0,6493.5,6489.0,6489.5,5087094
2018-09-13 14:50:00,6489.5,6489.5,6476.0,6480.0,14126838
2018-09-13 14:55:00,6480.0,6483.5,6479.5,6480.5,5733629
2018-09-13 15:00:00,6480.5,6480.5,6477.0,6477.0,6128749
2018-09-13 15:05:00,6477.0,6479.0,6464.5,6478.0,16847591
2018-09-13 15:10:00,6478.0,6478.5,6475.5,6476.0,3589399
2018-09-13 15:15:00,6476.0,6476.0,6469.0,6469.0,6232714
2018-09-13 15:20:00,6469.0,6480.0,6469.0,6480.0,9168606
2018-09-13 15:25:00,6480.0,6482.5,6479.5,6481.0,7500034
2018-09-13 15:30:00,6481.0,6484.0,6480.5,6481.0,5086864
2018-09-13 15:35:00,6481.0,6481.5,6478.0,6478.0,3198629
2018-09-13 15:40:00,6478.0,6481.0,6478.0,6481.0,3511607
2018-09-13 15:45:00,6481.0,6482.0,6479.5,6481.5,4401470
2018-09-13 15:50:00,6481.5,6481.5,6476.5,6476.5,4178499
2018-09-13 15:55:00,6476.5,6477.0,6476.5,6477.0,833598
2018-09-13 16:00:00,6477.0,6486.0,6476.5,6486.0,6795799
2018-09-13 16:05:00,6486.0,6503.5,6485.5,6495.5,18618193
2018-09-13 16:10:00,6495.5,6496.0,6486.0,6486.5,8875755
2018-09-13 16:15:00,6486.5,6486.5,6483.0,6483.0,5084852
2018-09-13 16:20:00,6483.0,6492.5,6483.0,6492.5,7403754
2018-09-13 16:25:00,6492.5,6507.0,6492.0,6500.0,14415991
2018-09-13 16:30:00,6500.0,6515.0,6498.5,6505.0,17483228
2018-09-13 16:35:00,6505.0,6514.0,6503.5,6504.0,11140486
2018-09-13 16:40:00,6504.0,6507.5,6492.0,6495.5,13138073
2018-09-13 16:45:00,6495.5,6505.0,6493.5,6502.5,6964067
2018-09-13 16:50:00,6502.5,6513.5,6502.0,6502.5,9767289
2018-09-13 16:55:00,6502.5,6503.0,6495.0,6496.0,7882564
2018-09-13 17:00:00,6496.0,6507.0,6495.5,6507.0,6584077
2018-09-13 17:05:00,6507.0,6509.5,6497.0,6498.5,9339939
2018-09-13 17:10:00,6498.5,6500.0,6490.0,6494.0,8153626
2018-09-13 17:15:00,6494.0,6499.0,6474.5,6479.0,17663697
2018-09-13 17:20:00,6479.0,6495.0,6479.0,6495.0,9377244
2018-09-13 17:25:00,6495.0,6495.0,6490.5,6490.5,4612426
2018-09-13 17:30:00,6490.5,6491.0,6490.5,6490.5,888984
2018-09-13 17:35:00,6490.5,6491.0,6480.0,6482.5,7507130
2018-09-13 17:40:00,6482.5,6492.0,6477.0,6492.0,8770971
2018-09-13 17:45:00,6492.0,6494.5,6486.5,6494.5,5668532
2018-09-13 17:50:00,6494.5,6503.0,6494.0,6497.0,11320417
2018-09-13 17:55:00,6497.0,6497.5,6494.0,6496.0,4408022
2018-09-13 18:00:00,6496.0,6503.5,6496.0,6496.0,5336474
2018-09-13 18:05:00,6496.0,6496.5,6490.0,6490.5,5091785
2018-09-13 18:10:00,6490.5,6490.5,6486.0,6486.0,4645989
2018-09-13 18:15:00,6486.0,6490.5,6486.0,6490.5,4613755
2018-09-13 18:20:00,6490.5,6494.5,6490.0,6494.5,2127720
2018-09-13 18:25:00,6494.5,6497.5,6494.0,6497.5,1567501
2018-09-13 18:30:00,6497.5,6497.5,6496.0,6496.0,2671248
2018-09-13 18:35:00,6496.0,6495.5,6485.0,6490.0,5285289
2018-09-13 18:40:00,6490.0,6490.0,6485.5,6486.0,2846457
2018-09-13 18:45:00,6486.0,6487.5,6477.0,6485.0,10093080
2018-09-13 18:50:00,6485.0,6485.5,6479.5,6480.0,4926175
2018-09-13 18:55:00,6480.0,6482.5,6475.0,6482.0,8531842
2018-09-13 19:00:00,6482.0,6482.5,6481.0,6481.0,1720219
2018-09-13 19:05:00,6481.0,6488.0,6481.0,6488.0,5970291
2018-09-13 19:10:00,6488.0,6488.0,6484.0,6484.0,3157383
2018-09-13 19:15:00,6484.0,6484.5,6475.5,6477.5,4077548
2018-09-13 19:20:00,6477.5,6478.5,6477.0,6478.5,1973627
2018-09-13 19:25:00,6478.5,6478.5,6478.0,6478.5,1608044
2018-09-13 19:30:00,6478.5,6478.5,6419.5,6449.0,50509121
2018-09-13 19:35:00,6449.0,6450.0,6438.0,6449.0,17655839
2018-09-13 19:40:00,6449.0,6449.0,6441.5,6442.0,5703364
2018-09-13 19:45:00,6442.0,6452.0,6432.0,6446.5,17954422
2018-09-13 19:50:00,6446.5,6450.0,6442.5,6442.5,6843647
2018-09-13 19:55:00,6442.5,6446.5,6438.0,6446.5,7213698
2018-09-13 20:00:00,6446.5,6446.5,6430.5,6435.0,9042928
2018-09-13 20:05:00,6435.0,6439.0,6411.5,6434.5,27009728
2018-09-13 20:10:00,6434.5,6437.0,6423.0,6428.5,9994299
2018-09-13 20:15:00,6428.5,6434.0,6427.0,6428.0,5543614
2018-09-13 20:20:00,6428.0,6432.5,6427.5,6432.0,3469862
2018-09-13 20:25:00,6432.0,6432.5,6432.0,6432.0,1697130
2018-09-13 20:30:00,6432.0,6446.0,6432.0,6446.0,10313790
2018-09-13 20:35:00,6446.0,6446.0,6445.5,6446.0,4633713
2018-09-13 20:40:00,6446.0,6460.0,6445.5,6460.0,11681771
2018-09-13 20:45:00,6460.0,6460.0,6450.5,6457.0,6680191
2018-09-13 20:50:00,6457.0,6469.0,6456.5,6460.5,10627568
2018-09-13 20:55:00,6460.5,6461.0,6459.5,6461.0,3254964
2018-09-13 21:00:00,6461.0,6463.0,6460.0,6460.0,2396241
2018-09-13 21:05:00,6460.0,6460.5,6453.0,6453.0,3668074
2018-09-13 21:10:00,6453.0,6453.5,6453.0,6453.5,2374131
2018-09-13 21:15:00,6453.5,6453.5,6453.0,6453.0,707611
2018-09-13 21:20:00,6453.0,6453.5,6448.0,6448.5,2965436
2018-09-13 21:25:00,6448.5,6448.5,6448.0,6448.0,1609619
2018-09-13 21:30:00,6448.0,6448.5,6448.0,6448.0,1314033
2018-09-13 21:35:00,6448.0,6456.0,6448.0,6456.0,4701880
2018-09-13 21:40:00,6456.0,6456.0,6451.0,6451.0,2845313
2018-09-13 21:45:00,6451.0,6459.0,6451.0,6459.0,1909915
2018-09-13 21:50:00,6459.0,6462.5,6458.5,6462.5,1968616
2018-09-13 21:55:00,6462.5,6462.5,6454.0,6454.5,3998493
2018-09-13 22:00:00,6454.5,6461.0,6454.0,6461.0,1891498
2018-09-13 22:05:00,6461.0,6467.0,6460.5,6467.0,2408492
2018-09-13 22:10:00,6467.0,6482.0,6467.0,6478.0,13526611
2018-09-13 22:15:00,6478.0,6478.5,6473.0,6477.5,4733539
2018-09-13 22:20:00,6477.5,6496.0,6476.5,6496.0,10140562
2018-09-13 22:25:00,6496.0,6499.0,6484.5,6486.5,8943099
2018-09-13 22:30:00,6486.5,6490.0,6482.5,6485.0,4037605
2018-09-13 22:35:00,6485.0,6493.0,6482.0,6493.0,3907136
2018-09-13 22:40:00,6493.0,6493.0,6481.5,6481.5,4558689
2018-09-13 22:45:00,6481.5,6485.0,6481.5,6484.5,1969910
2018-09-13 22:50:00,6484.5,6485.0,6484.0,6484.0,1383793
2018-09-13 22:55:00,6484.0,6484.5,6472.0,6475.0,6269312
2018-09-13 23:00:00,6475.0,6495.0,6475.0,6494.5,11901677
2018-09-13 23:05:00,6494.5,6509.5,6493.0,6497.5,23055576
2018-09-13 23:10:00,6497.5,6501.5,6490.0,6500.0,9623193
2018-09-13 23:15:00,6500.0,6509.5,6494.0,6504.5,8320388
2018-09-13 23:20:00,6504.5,6508.0,6499.5,6504.5,7097851
2018-09-13 23:25:00,6504.5,6504.5,6496.5,6497.0,4966441
2018-09-13 23:30:00,6497.0,6497.0,6490.5,6490.5,7909471
2018-09-13 23:35:00,6490.5,6494.0,6490.0,6490.0,3491562
2018-09-13 23:40:00,6490.0,6490.5,6483.0,6490.0,8314630
2018-09-13 23:45:00,6490.0,6490.0,6486.5,6486.5,1956151
2018-09-13 23:50:00,6486.5,6487.5,6482.0,6482.5,4555624
2018-09-13 23:55:00,6482.5,6489.5,6476.5,6487.5,8486136
2018-09-14 00:00:00,6487.5,6494.0,6482.5,6491.5,5932991
2018-09-14 00:05:00,6491.5,6492.0,6491.0,6491.0,2004091
2018-09-14 00:10:00,6491.0,6491.5,6484.0,6488.5,3421278
2018-09-14 00:15:00,6488.5,6488.5,6488.0,6488.0,1141846
2018-09-14 00:20:00,6488.0,6488.5,6477.0,6478.5,6885160
2018-09-14 00:25:00,6478.5,6478.5,6456.0,6458.5,20547593
2018-09-14 00:30:00,6458.5,6466.0,6454.5,6460.5,16201890
2018-09-14 00:35:00,6460.5,6468.5,6459.0,6466.5,7303677
2018-09-14 00:40:00,6466.5,6467.0,6462.5,6466.0,2392971
2018-09-14 00:45:00,6466.0,6469.0,6465.5,6466.5,2793517
2018-09-14 00:50:00,6466.5,6467.0,6458.5,6458.5,3143416
2018-09-14 00:55:00,6458.5,6459.5,6458.5,6459.0,3631235
2018-09-14 01:00:00,6459.0,6467.0,6459.0,6465.0,2759802
2018-09-14 01:05:00,6465.0,6470.5,6465.0,6470.5,3227182
2018-09-14 01:10:00,6470.5,6479.0,6470.0,6478.5,4159691
2018-09-14 01:15:00,6478.5,6479.0,6470.5,6470.5,5538429
2018-09-14 01:20:00,6470.5,6473.0,6470.0,6473.0,2020796
2018-09-14 01:25:00,6473.0,6479.0,6472.5,6479.0,2685646
2018-09-14 01:30:00,6479.0,6483.5,6478.5,6483.0,4241916
2018-09-14 01:35:00,6483.0,6489.0,6480.0,6488.0,6621125
2018-09-14 01:40:00,6488.0,6488.0,6484.5,6484.5,1457623
2018-09-14 01:45:00,6484.5,6485.0,6478.0,6478.5,3237730
2018-09-14 01:50:00,6478.5,6478.5,6478.0,6478.0,746944
2018-09-14 01:55:00,6478.0,6481.0,6478.0,6481.0,1781848
2018-09-14 02:00:00,6481.0,6488.5,6480.5,6488.5,3316385
2018-09-14 02:05:00,6488.5,6504.5,6488.5,6500.0,17409863
2018-09-14 02:10:00,6500.0,6524.5,6499.5,6504.0,37425368
2018-09-14 02:15:00,6504.0,6507.0,6502.0,6504.0,8677266
2018-09-14 02:20:00,6504.0,6504.5,6495.0,6498.0,10113910
2018-09-14 02:25:00,6498.0,6503.0,6497.5,6500.5,5407025
2018-09-14 02:30:00,6500.5,6513.0,6500.5,6508.5,12789783
2018-09-14 02:35:00,6508.5,6517.0,6507.0,6517.0,7744294
2018-09-14 02:40:00,6517.0,6577.0,6507.0,6551.0,64668925
2018-09-14 02:45:00,6551.0,6569.0,6533.0,6546.5,34849631
2018-09-14 02:50:00,6546.5,6549.0,6534.5,6539.5,23629450
2018-09-14 02:55:00,6539.5,6546.0,6539.0,6543.0,12472402
2018-09-14 03:00:00,6543.0,6552.0,6543.0,6545.5,9724967
2018-09-14 03:05:00,6545.5,6550.0,6541.0,6550.0,7991651
2018-09-14 03:10:00,6550.0,6559.5,6546.0,6559.0,10642776
2018-09-14 03:15:00,6559.0,6585.0,6556.5,6562.5,33918268
2018-09-14 03:20:00,6562.5,6566.0,6557.0,6564.5,9222991
2018-09-14 03:25:00,6564.5,6572.5,6564.0,6572.5,11670891
2018-09-14 03:30:00,6572.5,6575.5,6565.0,6565.5,11920980
2018-09-14 03:35:00,6565.5,6566.0,6555.5,6555.5,9541223
2018-09-14 03:40:00,6555.5,6561.0,6555.0,6560.0,5571151
2018-09-14 03:45:00,6560.0,6560.0,6557.0,6558.5,6525192
2018-09-14 03:50:00,6558.5,6558.5,6552.0,6553.0,7911536
2018-09-14 03:55:00,6553.0,6560.0,6545.0,6546.5,22226144
2018-09-14 04:00:00,6546.5,6552.5,6541.0,6552.5,12679455
2018-09-14 04:05:00,6552.5,6554.0,6551.5,6551.5,5032570
2018-09-14 04:10:00,6551.5,6553.0,6551.5,6553.0,3217343
2018-09-14 04:15:00,6553.0,6555.5,6552.5,6554.5,5200095
2018-09-14 04:20:00,6554.5,6555.0,6543.0,6543.0,10542194
2018-09-14 04:25:00,6543.0,6547.0,6543.0,6547.0,7070427
2018-09-14 04:30:00,6547.0,6550.5,6546.5,6550.0,3202137
2018-09-14 04:35:00,6550.0,6550.5,6550.0,6550.5,1123622
2018-09-14 04:40:00,6550.5,6550.5,6541.5,6541.5,4476541
2018-09-14 04:45:00,6541.5,6542.0,6538.0,6539.5,6912477
2018-09-14 04:50:00,6539.5,6539.5,6535.5,6538.0,7446860
2018-09-14 04:55:00,6538.0,6542.5,6538.0,6542.5,7553161
2018-09-14 05:00:00,6542.5,6549.0,6542.0,6548.5,3866102
2018-09-14 05:05:00,6548.5,6550.5,6548.5,6550.0,4688666
2018-09-14 05:10:00,6550.0,6550.5,6546.5,6546.5,3463994
2018-09-14 05:15:00,6546.5,6550.5,6546.5,6550.5,2563688
2018-09-14 05:20:00,6550.5,6553.5,6550.0,6553.5,3868303
2018-09-14 05:25:00,6553.5,6553.5,6553.0,6553.5,1764888
2018-09-14 05:30:00,6553.5,6553.5,6550.0,6550.0,2367049
2018-09-14 05:35:00,6550.0,6553.5,6550.0,6553.0,2486751
2018-09-14 05:40:00,6553.0,6559.5,6553.0,6559.5,4266697
2018-09-14 05:45:00,6559.5,6560.0,6557.5,6558.0,4008183
2018-09-14 05:50:00,6558.0,6558.0,6542.5,6546.5,8480209
2018-09-14 05:55:00,6546.5,6547.0,6546.0,6547.0,1720148
2018-09-14 06:00:00,6547.0,6549.5,6546.5,6549.5,2007380
2018-09-14 06:05:00,6549.5,6549.5,6549.0,6549.5,852265
2018-09-14 06:10:00,6549.5,6549.5,6549.0,6549.5,1507071
2018-09-14 06:15:00,6549.5,6549.5,6544.5,6544.5,4535678
2018-09-14 06:20:00,6544.5,6545.0,6537.0,6537.5,5404575
2018-09-14 06:25:00,6537.5,6548.0,6537.0,6547.5,5804602
2018-09-14 06:30:00,6547.5,6548.0,6547.5,6547.5,1955508
2018-09-14 06:35:00,6547.5,6548.0,6541.0,6541.0,3040282
2018-09-14 06:40:00,6541.0,6543.0,6539.0,6543.0,3226705
2018-09-14 06:45:00,6543.0,6549.0,6542.5,6549.0,3158700
2018-09-14 06:50:00,6549.0,6549.0,6548.0,6548.5,2756940
2018-09-14 06:55:00,6548.5,6552.0,6548.0,6552.0,4552284
2018-09-14 07:00:00,6552.0,6559.0,6551.5,6558.5,6956528
2018-09-14 07:05:00,6558.5,6559.0,6557.0,6558.0,4430833
2018-09-14 07:10:00,6558.0,6558.5,6558.0,6558.0,2852072
2018-09-14 07:15:00,6558.0,6580.0,6558.0,6569.5,17642971
2018-09-14 07:20:00,6569.5,6570.0,6562.0,6562.5,9599589
2018-09-14 07:25:00,6562.5,6567.0,6560.5,6564.0,7205144
2018-09-14 07:30:00,6564.0,6565.0,6559.5,6562.0,4474669
2018-09-14 07:35:00,6562.0,6562.0,6560.0,6560.0,4205490
2018-09-14 07:40:00,6560.0,6561.0,6555.0,6557.5,7258729
2018-09-14 07:45:00,6557.5,6557.5,6552.0,6552.5,7910482
2018-09-14 07:50:00,6552.5,6552.5,6545.0,6548.5,8796288
2018-09-14 07:55:00,6548.5,6554.0,6545.0,6545.0,8433805
2018-09-14 08:00:00,6545.0,6545.5,6527.5,6527.5,25376600
2018-09-14 08:05:00,6527.5,6528.0,6474.0,6522.5,73023807
2018-09-14 08:10:00,6522.5,6531.0,6519.0,6528.0,18399663
2018-09-14 08:15:00,6528.0,6528.0,6511.5,6523.0,14983580
2018-09-14 08:20:00,6523.0,6523.5,6521.0,6521.0,3127635
2018-09-14 08:25:00,6521.0,6553.0,6521.0,6547.5,23152104
2018-09-14 08:30:00,6547.5,6549.0,6541.0,6541.5,11575630
2018-09-14 08:35:00,6541.5,6541.5,6531.0,6531.0,11110493
2018-09-14 08:40:00,6531.0,6533.5,6526.5,6531.0,13231749
2018-09-14 08:45:00,6531.0,6532.0,6526.5,6526.5,4533710
2018-09-14 08:50:00,6526.5,6526.5,6452.0,6452.0,37181206
2018-09-14 08:55:00,6452.0,6490.0,6350.0,6416.5,99751090
2018-09-14 09:00:00,6416.5,6446.0,6417.0,6432.5,37158875
2018-09-14 09:05:00,6432.5,6442.5,6424.0,6426.0,27417191
2018-09-14 09:10:00,6426.0,6442.0,6425.5,6442.0,15150754
2018-09-14 09:15:00,6442.0,6456.0,6441.5,6453.5,20363850
2018-09-14 09:20:00,6453.5,6456.0,6438.0,6438.0,16233291
2018-09-14 09:25:00,6438.0,6448.5,6438.0,6447.0,6908449
2018-09-14 09:30:00,6447.0,6447.0,6432.5,6433.0,8843073
2018-09-14 09:35:00,6433.0,6433.0,6401.5,6420.0,42487610
2018-09-14 09:40:00,6420.0,6426.0,6415.5,6422.5,13217199
2018-09-14 09:45:00,6422.5,6436.5,6422.5,6429.0,16332851
2018-09-14 09:50:00,6429.0,6431.5,6428.5,6428.5,6443875
2018-09-14 09:55:00,6428.5,6429.0,6422.0,6422.0,7771842
2018-09-14 10:00:00,6422.0,6427.5,6421.0,6427.5,5171330
2018-09-14 10:05:00,6427.5,6436.5,6427.0,6434.0,9163617
2018-09-14 10:10:00,6434.0,6435.0,6430.0,6435.0,4037029
2018-09-14 10:15:00,6435.0,6449.5,6434.5,6449.0,7918184
2018-09-14 10:20:00,6449.0,6449.5,6436.5,6439.0,8871076
2018-09-14 10:25:00,6439.0,6452.0,6438.5,6451.5,7491484
2018-09-14 10:30:00,6451.5,6456.0,6450.0,6455.0,18194271
2018-09-14 10:35:00,6455.0,6459.5,6446.5,6446.5,10279819
2018-09-14 10:40:00,6446.5,6447.5,6446.5,6447.0,3051793
2018-09-14 10:45:00,6447.0,6447.5,6443.0,6443.5,4644809
2018-09-14 10:50:00,6443.5,6445.0,6443.0,6445.0,2453716
2018-09-14 10:55:00,6445.0,6445.0,6437.0,6437.0,6332888
2018-09-14 11:00:00,6437.0,6446.0,6436.0,6446.0,5241955
2018-09-14 11:05:00,6446.0,6485.0,6445.5,6458.5,26720911
2018-09-14 11:10:00,6458.5,6472.0,6457.0,6470.5,16818167
2018-09-14 11:15:00,6470.5,6471.0,6462.0,6462.5,6448114
2018-09-14 11:20:00,6462.5,6469.5,6462.0,6469.5,4585274
2018-09-14 11:25:00,6469.5,6473.5,6469.0,6473.0,7022205
2018-09-14 11:30:00,6473.0,6473.5,6466.0,6466.0,5060530
2018-09-14 11:35:00,6466.0,6466.5,6461.0,6461.5,4577071
2018-09-14 11:40:00,6461.5,6465.0,6461.0,6464.5,5561335
2018-09-14 11:45:00,6464.5,6466.5,6464.5,6466.0,2901441
2018-09-14 11:50:00,6466.0,6467.5,6466.0,6467.0,1602103
2018-09-14 11:55:00,6467.0,6467.5,6458.5,6458.5,5005571
2018-09-14 12:00:00,6458.5,6459.0,6451.0,6451.0,8103196
2018-09-14 12:05:00,6451.0,6467.0,6451.0,6465.5,11159191
2018-09-14 12:10:00,6465.5,6468.0,6465.0,6468.0,4355102
2018-09-14 12:15:00,6468.0,6468.0,6462.0,6462.0,3706188
2018-09-14 12:20:00,6462.0,6463.5,6462.0,6463.0,2998303
2018-09-14 12:25:00,6463.0,6463.5,6462.5,6462.5,2222899
2018-09-14 12:30:00,6462.5,6463.0,6457.0,6461.0,6113722
2018-09-14 12:35:00,6461.0,6462.0,6455.0,6455.0,4294683
2018-09-14 12:40:00,6455.0,6455.5,6442.0,6447.5,13981911
2018-09-14 12:45:00,6447.5,6447.5,6442.0,6445.5,5618100
2018-09-14 12:50:00,6445.5,6446.0,6445.0,6446.0,2095344
2018-09-14 12:55:00,6446.0,6466.0,6445.5,6466.0,9694801
2018-09-14 13:00:00,6466.0,6466.0,6462.5,6462.5,7185047
2018-09-14 13:05:00,6462.5,6463.0,6456.0,6456.0,5852685
2018-09-14 13:10:00,6456.0,6459.5,6455.0,6457.0,9789885
2018-09-14 13:15:00,6457.0,6457.5,6453.0,6453.0,3070365
2018-09-14 13:20:00,6453.0,6456.0,6452.5,6456.0,3636902
2018-09-14 13:25:00,6456.0,6456.0,6420.0,6434.0,28237059
2018-09-14 13:30:00,6434.0,6442.0,6428.0,6435.0,12769955
2018-09-14 13:35:00,6435.0,6460.0,6434.5,6446.0,9428578
2018-09-14 13:40:00,6446.0,6448.5,6444.5,6444.5,3775357
2018-09-14 13:45:00,6444.5,6457.5,6444.5,6451.0,10995650
2018-09-14 13:50:00,6451.0,6451.5,6445.5,6446.0,2312978
2018-09-14 13:55:00,6446.0,6447.5,6442.0,6443.0,4715256
2018-09-14 14:00:00,6443.0,6443.0,6434.0,6434.0,10068697
2018-09-14 14:05:00,6434.0,6438.0,6434.0,6437.0,2038833
2018-09-14 14:10:00,6437.0,6437.0,6425.5,6430.0,11084890
2018-09-14 14:15:00,6430.0,6440.0,6430.0,6439.5,6080761
2018-09-14 14:20:00,6439.5,6450.0,6439.0,6449.5,6024502
2018-09-14 14:25:00,6449.5,6450.0,6440.0,6441.0,5815182
2018-09-14 14:30:00,6441.0,6443.5,6441.0,6442.0,2044701
2018-09-14 14:35:00,6442.0,6448.0,6441.5,6447.5,2727630
2018-09-14 14:40:00,6447.5,6449.0,6441.5,6441.5,4041143
2018-09-14 14:45:00,6441.5,6442.0,6434.0,6436.0,5988823
2018-09-14 14:50:00,6436.0,6446.0,6436.0,6446.0,4441065
2018-09-14 14:55:00,6446.0,6447.5,6445.5,6446.5,2496065
2018-09-14 15:00:00,6446.5,6453.0,6446.5,6453.0,3807308
2018-09-14 15:05:00,6453.0,6459.0,6452.5,6459.0,6231957
2018-09-14 15:10:00,6459.0,6478.0,6458.5,6467.0,16301145
2018-09-14 15:15:00,6467.0,6469.0,6463.0,6466.5,8066625
2018-09-14 15:20:00,6466.5,6472.5,6466.5,6471.5,3772512
2018-09-14 15:25:00,6471.5,6478.5,6468.5,6468.5,12504705
2018-09-14 15:30:00,6468.5,6468.5,6466.5,6468.0,5815888
2018-09-14 15:35:00,6468.0,6472.5,6465.5,6466.0,5095688
2018-09-14 15:40:00,6466.0,6466.0,6459.0,6461.0,4500035
2018-09-14 15:45:00,6461.0,6463.0,6460.5,6463.0,3318940
2018-09-14 15:50:00,6463.0,6468.5,6462.5,6468.5,1853430
2018-09-14 15:55:00,6468.5,6477.5,6468.0,6473.0,6155239
2018-09-14 16:00:00,6473.0,6498.0,6473.0,6494.5,30177675
2018-09-14 16:05:00,6494.5,6495.0,6488.0,6488.0,18482381
2018-09-14 16:10:00,6488.0,6498.0,6488.0,6492.5,12227746
2018-09-14 16:15:00,6492.5,6509.0,6492.0,6499.0,24890434
2018-09-14 16:20:00,6499.0,6504.5,6493.5,6499.5,9765642
2018-09-14 16:25:00,6499.5,6505.5,6489.5,6491.5,12114895
2018-09-14 16:30:00,6491.5,6493.5,6489.0,6492.5,6335345
2018-09-14 16:35:00,6492.5,6497.0,6492.5,6496.5,4330586
2018-09-14 16:40:00,6496.5,6499.0,6494.0,6494.5,6102936
2018-09-14 16:45:00,6494.5,6510.0,6494.0,6500.0,15280753
2018-09-14 16:50:00,6500.0,6507.5,6498.0,6502.0,11874581
2018-09-14 16:55:00,6502.0,6506.0,6498.0,6503.0,9186914
2018-09-14 17:00:00,6503.0,6503.0,6486.5,6491.5,8735076
2018-09-14 17:05:00,6491.5,6492.0,6481.5,6481.5,13361483
2018-09-14 17:10:00,6481.5,6482.5,6461.0,6478.5,14772009
2018-09-14 17:15:00,6478.5,6481.0,6471.0,6477.0,8985466
2018-09-14 17:20:00,6477.0,6481.5,6476.5,6481.5,4950321
2018-09-14 17:25:00,6481.5,6481.5,6474.5,6474.5,5968856
2018-09-14 17:30:00,6474.5,6482.0,6474.5,6482.0,2807152
2018-09-14 17:35:00,6482.0,6484.0,6481.5,6484.0,3567935
2018-09-14 17:40:00,6484.0,6484.0,6481.0,6481.5,7357419
2018-09-14 17:45:00,6481.5,6481.5,6478.0,6478.5,3647811
2018-09-14 17:50:00,6478.5,6481.0,6478.0,6480.5,1200490
2018-09-14 17:55:00,6480.5,6481.0,6460.0,6460.0,9673895
2018-09-14 18:00:00,6460.0,6470.5,6455.0,6470.0,8428014
2018-09-14 18:05:00,6470.0,6470.5,6468.0,6468.5,2920421
2018-09-14 18:10:00,6468.5,6468.5,6468.0,6468.0,574741
2018-09-14 18:15:00,6468.0,6477.5,6468.0,6477.0,3667603
2018-09-14 18:20:00,6477.0,6477.0,6470.5,6470.5,1408352
2018-09-14 18:25:00,6470.5,6471.0,6459.5,6459.5,4989802
2018-09-14 18:30:00,6459.5,6460.5,6458.5,6460.5,4033011
2018-09-14 18:35:00,6460.5,6474.0,6460.0,6473.5,5987931
2018-09-14 18:40:00,6473.5,6475.0,6470.0,6472.5,5164906
2018-09-14 18:45:00,6472.5,6473.0,6465.0,6466.5,3319678
2018-09-14 18:50:00,6466.5,6466.5,6466.0,6466.0,1752254
2018-09-14 18:55:00,6466.0,6471.0,6466.0,6470.5,1533553
2018-09-14 19:00:00,6470.5,6474.5,6470.5,6474.0,2070994
2018-09-14 19:05:00,6474.0,6478.5,6474.0,6478.0,3343173
2018-09-14 19:10:00,6478.0,6487.5,6478.0,6487.5,5322980
2018-09-14 19:15:00,6487.5,6487.5,6480.5,6482.0,3325695
2018-09-14 19:20:00,6482.0,6486.5,6481.5,6486.5,3267717
2018-09-14 19:25:00,6486.5,6487.0,6482.0,6482.0,3826665
2018-09-14 19:30:00,6482.0,6490.0,6482.0,6490.0,2895897
2018-09-14 19:35:00,6490.0,6497.0,6489.5,6497.0,6387639
2018-09-14 19:40:00,6497.0,6502.0,6496.5,6501.5,8315753
2018-09-14 19:45:00,6501.5,6520.0,6501.5,6515.0,19944920
2018-09-14 19:50:00,6515.0,6525.5,6514.5,6525.0,14967586
2018-09-14 19:55:00,6525.0,6538.0,6525.0,6528.5,22026407
2018-09-14 20:00:00,6528.5,6528.5,6512.0,6523.0,15212925
2018-09-14 20:05:00,6523.0,6523.0,6522.5,6523.0,1976543
2018-09-14 20:10:00,6523.0,6537.0,6522.5,6536.5,7319460
2018-09-14 20:15:00,6536.5,6537.0,6527.5,6527.5,4724063
2018-09-14 20:20:00,6527.5,6527.5,6516.5,6518.0,6726684
2018-09-14 20:25:00,6518.0,6518.0,6513.5,6513.5,4667450
2018-09-14 20:30:00,6513.5,6521.5,6513.5,6521.0,5537241
2018-09-14 20:35:00,6521.0,6521.5,6514.5,6516.0,5019545
2018-09-14 20:40:00,6516.0,6516.5,6512.0,6512.5,2456491
2018-09-14 20:45:00,6512.5,6520.5,6512.0,6520.5,3700487
2018-09-14 20:50:00,6520.5,6540.0,6520.0,6534.0,14132217
2018-09-14 20:55:00,6534.0,6534.0,6528.5,6530.0,4544347
2018-09-14 21:00:00,6530.0,6530.5,6527.0,6527.0,2469080
2018-09-14 21:05:00,6527.0,6527.5,6526.5,6526.5,920089
2018-09-14 21:10:00,6526.5,6527.0,6518.0,6518.0,3392944
2018-09-14 21:15:00,6518.0,6518.5,6518.0,6518.0,2270317
2018-09-14 21:20:00,6518.0,6518.5,6518.0,6518.0,898075
2018-09-14 21:25:00,6518.0,6525.5,6518.0,6525.0,3077261
2018-09-14 21:30:00,6525.0,6532.0,6524.5,6532.0,6059675
2018-09-14 21:35:00,6532.0,6536.0,6525.0,6529.0,3599878
2018-09-14 21:40:00,6529.0,6529.5,6515.5,6517.0,5057521
2018-09-14 21:45:00,6517.0,6520.5,6516.5,6520.0,1899250
2018-09-14 21:50:00,6520.0,6520.5,6516.5,6516.5,2412306
2018-09-14 21:55:00,6516.5,6517.0,6497.0,6507.5,12844658
2018-09-14 22:00:00,6507.5,6508.0,6499.0,6502.0,5184746
2018-09-14 22:05:00,6502.0,6502.5,6494.0,6502.5,8132192
2018-09-14 22:10:00,6502.5,6510.0,6502.0,6509.5,3932899
2018-09-14 22:15:00,6509.5,6511.0,6509.5,6510.5,2685358
2018-09-14 22:20:00,6510.5,6520.5,6510.0,6520.5,6823308
2018-09-14 22:25:00,6520.5,6534.5,6520.5,6528.0,8372446
2018-09-14 22:30:00,6528.0,6528.5,6524.0,6524.0,4068945
2018-09-14 22:35:00,6524.0,6524.5,6517.5,6517.5,2531474
2018-09-14 22:40:00,6517.5,6525.5,6513.5,6525.5,5772426
2018-09-14 22:45:00,6525.5,6534.0,6525.0,6525.5,7077377
2018-09-14 22:50:00,6525.5,6525.5,6518.5,6518.5,3246818
2018-09-14 22:55:00,6518.5,6519.0,6505.0,6511.5,7299024
2018-09-14 23:00:00,6511.5,6520.0,6511.0,6516.0,3723531
2018-09-14 23:05:00,6516.0,6519.5,6512.5,6519.5,3350642
2018-09-14 23:10:00,6519.5,6523.5,6515.5,6515.5,2812841
2018-09-14 23:15:00,6515.5,6516.0,6502.0,6502.0,8220367
2018-09-14 23:20:00,6502.0,6505.5,6501.0,6505.5,5574075
2018-09-14 23:25:00,6505.5,6510.5,6505.0,6510.0,2496528
2018-09-14 23:30:00,6510.0,6510.5,6450.5,6474.0,27665744
2018-09-14 23:35:00,6474.0,6484.0,6469.5,6480.5,11528647
2018-09-14 23:40:00,6480.5,6487.0,6475.0,6485.0,7965737
2018-09-14 23:45:00,6485.0,6487.5,6484.5,6487.5,3799839
2018-09-14 23:50:00,6487.5,6490.0,6487.0,6490.0,2499084
2018-09-14 23:55:00,6490.0,6490.0,6477.5,6478.0,5879860
2018-09-15 00:00:00,6478.0,6486.0,6464.5,6485.0,11801149
2018-09-15 00:05:00,6485.0,6486.5,6484.5,6486.0,2640880
2018-09-15 00:10:00,6486.0,6493.5,6486.0,6493.0,5919965
2018-09-15 00:15:00,6493.0,6493.5,6483.5,6483.5,4271865
2018-09-15 00:20:00,6483.5,6484.0,6480.0,6480.0,2813990
2018-09-15 00:25:00,6480.0,6486.5,6480.0,6486.5,2691916
2018-09-15 00:30:00,6486.5,6486.5,6483.5,6483.5,2826980
2018-09-15 00:35:00,6483.5,6484.0,6481.5,6481.5,1615160
2018-09-15 00:40:00,6481.5,6482.0,6481.5,6482.0,2087553
2018-09-15 00:45:00,6482.0,6482.0,6481.5,6481.5,442273
2018-09-15 00:50:00,6481.5,6482.0,6481.5,6481.5,2225723
2018-09-15 00:55:00,6481.5,6482.0,6479.0,6479.5,2381308
2018-09-15 01:00:00,6479.5,6489.0,6478.5,6489.0,5209396
2018-09-15 01:05:00,6489.0,6490.5,6488.5,6490.0,3182673
2018-09-15 01:10:00,6490.0,6491.0,6490.0,6491.0,1356128
2018-09-15 01:15:00,6491.0,6498.5,6490.5,6498.0,6638223
2018-09-15 01:20:00,6498.0,6498.0,6492.5,6493.5,2224239
2018-09-15 01:25:00,6493.5,6493.5,6493.0,6493.0,1164513
2018-09-15 01:30:00,6493.0,6495.5,6493.0,6495.0,1312058
2018-09-15 01:35:00,6495.0,6496.5,6495.0,6496.5,1362732
2018-09-15 01:40:00,6496.5,6503.5,6496.0,6503.5,3334639
2018-09-15 01:45:00,6503.5,6507.5,6503.0,6505.5,5193161
2018-09-15 01:50:00,6505.5,6519.0,6505.0,6513.5,9304422
2018-09-15 01:55:00,6513.5,6514.0,6513.5,6513.5,2941517
2018-09-15 02:00:00,6513.5,6514.0,6513.5,6513.5,1215462
2018-09-15 02:05:00,6513.5,6514.0,6504.0,6504.0,4764553
2018-09-15 02:10:00,6504.0,6506.0,6504.0,6506.0,1950970
2018-09-15 02:15:00,6506.0,6506.0,6503.0,6503.0,1755349
2018-09-15 02:20:00,6503.0,6505.5,6503.0,6505.0,2171906
2018-09-15 02:25:00,6505.0,6506.0,6505.0,6505.5,1164858
2018-09-15 02:30:00,6505.5,6506.0,6505.5,6505.5,1195103
2018-09-15 02:35:00,6505.5,6506.5,6505.5,6506.5,1250171
2018-09-15 02:40:00,6506.5,6506.5,6506.0,6506.0,1526060
2018-09-15 02:45:00,6506.0,6506.5,6505.0,6505.0,2030838
2018-09-15 02:50:00,6505.0,6505.5,6492.0,6492.5,8294831
2018-09-15 02:55:00,6492.5,6492.5,6492.0,6492.0,1282150
2018-09-15 03:00:00,6492.0,6497.0,6492.0,6496.0,2603158
2018-09-15 03:05:00,6496.0,6498.0,6495.5,6498.0,1887269
2018-09-15 03:10:00,6498.0,6498.0,6496.5,6496.5,800634
2018-09-15 03:15:00,6496.5,6497.0,6493.0,6493.0,1381431
2018-09-15 03:20:00,6493.0,6493.5,6484.5,6487.5,5070267
2018-09-15 03:25:00,6487.5,6488.0,6474.5,6478.0,6688393
2018-09-15 03:30:00,6478.0,6484.0,6477.5,6483.5,3335171
2018-09-15 03:35:00,6483.5,6485.5,6483.5,6485.5,2399436
2018-09-15 03:40:00,6485.5,6485.5,6485.0,6485.5,2086818
2018-09-15 03:45:00,6485.5,6485.5,6478.0,6478.5,4851447
2018-09-15 03:50:00,6478.5,6484.5,6478.0,6484.0,2246863
2018-09-15 03:55:00,6484.0,6491.5,6484.0,6491.5,2741000
2018-09-15 04:00:00,6491.5,6491.5,6491.0,6491.5,1985452
2018-09-15 04:05:00,6491.5,6491.5,6491.0,6491.0,2258160
2018-09-15 04:10:00,6491.0,6491.0,6490.0,6490.0,1082163
2018-09-15 04:15:00,6490.0,6490.5,6486.5,6486.5,999271
2018-09-15 04:20:00,6486.5,6487.0,6486.5,6486.5,441851
2018-09-15 04:25:00,6486.5,6487.0,6486.5,6487.0,689993
2018-09-15 04:30:00,6487.0,6487.0,6486.5,6487.0,1188252
2018-09-15 04:35:00,6487.0,6493.0,6486.5,6492.5,4517168
2018-09-15 04:40:00,6492.5,6493.0,6492.0,6492.5,2635582
2018-09-15 04:45:00,6492.5,6494.5,6492.0,6494.5,3008334
2018-09-15 04:50:00,6494.5,6507.0,6494.0,6505.5,10081822
2018-09-15 04:55:00,6505.5,6506.5,6505.0,6505.0,4360265
2018-09-15 05:00:00,6505.0,6507.5,6504.5,6507.5,3066163
2018-09-15 05:05:00,6507.5,6507.5,6505.0,6505.0,1552257
2018-09-15 05:10:00,6505.0,6504.5,6501.0,6501.5,1304348
2018-09-15 05:15:00,6501.5,6501.5,6501.0,6501.0,1290313
2018-09-15 05:20:00,6501.0,6501.5,6488.0,6488.5,5916768
2018-09-15 05:25:00,6488.5,6490.5,6488.0,6490.5,4300811
2018-09-15 05:30:00,6490.5,6490.5,6489.0,6489.5,1268406
2018-09-15 05:35:00,6489.5,6489.5,6489.0,6489.5,1030479
2018-09-15 05:40:00,6489.5,6489.5,6489.0,6489.0,2286649
2018-09-15 05:45:00,6489.0,6489.0,6478.0,6481.5,11086254
2018-09-15 05:50:00,6481.5,6487.0,6481.0,6487.0,3951694
2018-09-15 05:55:00,6487.0,6489.5,6486.5,6489.5,2706521
2018-09-15 06:00:00,6489.5,6489.5,6479.5,6479.5,4495710
2018-09-15 06:05:00,6479.5,6484.0,6479.0,6484.0,3656794
2018-09-15 06:10:00,6484.0,6486.0,6483.0,6483.0,2219922
2018-09-15 06:15:00,6483.0,6483.5,6463.5,6473.5,14998050
2018-09-15 06:20:00,6473.5,6487.5,6470.0,6486.0,9227077
2018-09-15 06:25:00,6486.0,6486.0,6483.5,6483.5,1837338
2018-09-15 06:30:00,6483.5,6486.0,6483.5,6485.5,1398763
2018-09-15 06:35:00,6485.5,6486.0,6482.5,6482.5,2457391
2018-09-15 06:40:00,6482.5,6483.0,6482.5,6482.5,994768
2018-09-15 06:45:00,6482.5,6483.0,6482.0,6482.5,1105770
2018-09-15 06:50:00,6482.5,6482.5,6476.5,6476.5,1770895
2018-09-15 06:55:00,6476.5,6483.0,6476.5,6479.5,4203303
2018-09-15 07:00:00,6479.5,6480.0,6479.5,6479.5,1053907
2018-09-15 07:05:00,6479.5,6484.0,6479.5,6483.5,1655924
2018-09-15 07:10:00,6483.5,6485.5,6482.0,6482.5,2843303
2018-09-15 07:15:00,6482.5,6499.0,6482.0,6498.0,5135151
2018-09-15 07:20:00,6498.0,6498.5,6491.0,6492.0,4797199
2018-09-15 07:25:00,6492.0,6498.0,6492.0,6498.0,2612925
2018-09-15 07:30:00,6498.0,6498.0,6490.5,6491.0,2672356
2018-09-15 07:35:00,6491.0,6491.0,6490.0,6490.0,948731
2018-09-15 07:40:00,6490.0,6490.0,6488.5,6489.0,1508281
2018-09-15 07:45:00,6489.0,6489.0,6488.0,6488.0,1375453
2018-09-15 07:50:00,6488.0,6493.5,6488.0,6493.5,5393196
2018-09-15 07:55:00,6493.5,6495.5,6492.5,6492.5,2730939
2018-09-15 08:00:00,6492.5,6493.5,6492.5,6493.0,1574019
2018-09-15 08:05:00,6493.0,6494.5,6493.0,6494.5,669823
2018-09-15 08:10:00,6494.5,6514.5,6494.5,6506.5,19571958
2018-09-15 08:15:00,6506.5,6515.0,6506.5,6508.0,8580127
2018-09-15 08:20:00,6508.0,6508.0,6500.5,6503.0,4707855
2018-09-15 08:25:00,6503.0,6510.0,6503.0,6510.0,3007411
2018-09-15 08:30:00,6510.0,6510.0,6503.5,6509.0,10632720
2018-09-15 08:35:00,6509.0,6514.0,6508.5,6514.0,5338341
2018-09-15 08:40:00,6514.0,6533.0,6513.5,6517.0,24029066
2018-09-15 08:45:00,6517.0,6517.5,6513.5,6513.5,3494577
2018-09-15 08:50:00,6513.5,6514.0,6513.5,6513.5,1383891
2018-09-15 08:55:00,6513.5,6514.0,6508.0,6511.0,5246574
2018-09-15 09:00:00,6511.0,6513.0,6510.5,6512.5,1557231
2018-09-15 09:05:00,6512.5,6519.5,6512.5,6516.5,4099631
2018-09-15 09:10:00,6516.5,6517.0,6516.5,6516.5,534387
2018-09-15 09:15:00,6516.5,6517.0,6516.5,6516.5,1846577
2018-09-15 09:20:00,6516.5,6517.0,6516.5,6517.0,1156162
2018-09-15 09:25:00,6517.0,6517.0,6514.0,6514.0,3511311
2018-09-15 09:30:00,6514.0,6514.5,6514.0,6514.0,1003545
2018-09-15 09:35:00,6514.0,6514.5,6514.0,6514.5,2367467
2018-09-15 09:40:00,6514.5,6515.0,6514.0,6514.5,1645243
2018-09-15 09:45:00,6514.5,6515.0,6514.5,6514.5,1577118
2018-09-15 09:50:00,6514.5,6524.0,6514.5,6523.5,3213198
2018-09-15 09:55:00,6523.5,6527.5,6523.5,6525.5,6772172
2018-09-15 10:00:00,6525.5,6550.0,6510.0,6527.5,31445039
2018-09-15 10:05:00,6527.5,6528.0,6516.5,6517.0,9113569
2018-09-15 10:10:00,6517.0,6523.5,6517.0,6523.5,4108087
2018-09-15 10:15:00,6523.5,6523.5,6521.0,6521.0,2157861
2018-09-15 10:20:00,6521.0,6521.5,6520.5,6520.5,1165608
